peptide	hla_allele	ic50_nm	percentile_rank	strong_binder	weak_binder	binding_level	peptide_length	variant_id	gene
ACDECGHI	HLA-B*08:01	3260.1364599114477	0.17343957269207638	False	False	non_binder	8	5_63032443_G_T	BRAF
ACDECGHI	HLA-C*07:01	110.9429276153444	22.141788543215814	False	True	weak_binder	8	5_63032443_G_T	BRAF
ACDEFCHI	HLA-A*01:01	432.68617038884827	49.980126905335695	False	True	weak_binder	8	5_63032443_G_T	BRAF
ACDEMGHI	HLA-B*07:02	478.47590283549414	8.349462973743616	False	True	weak_binder	8	11_121955830_G_A	BRCA1
ACDEFMHI	HLA-B*07:02	312.6241107298407	23.109279882461014	False	True	weak_binder	8	11_121955830_G_A	BRCA1
ACDEFMHI	HLA-A*02:01	264.6517074978386	35.32702443191091	False	True	weak_binder	8	11_121955830_G_A	BRCA1
ACDEFMHI	HLA-B*07:02	221.72960587720243	40.301465304160736	False	True	weak_binder	8	11_121955830_G_A	BRCA1
ACDEFGHI	HLA-A*02:01	86.78885213859628	23.71782121914615	False	True	weak_binder	8	16_163330929_G_A	TP53
ACDEFGHI	HLA-C*07:01	7176.373639336808	0.24285654621948632	False	False	non_binder	8	16_163330929_G_A	TP53
ACDEFFHI	HLA-C*16:01	67.39092010159035	26.43489523184861	False	True	weak_binder	8	16_163330929_G_A	TP53
ACDEQGHI	HLA-A*03:01	332.06056770367525	6.732141294430187	False	True	weak_binder	8	18_28166509_T_G	PIK3CA
ACDEFSHI	HLA-A*01:01	245.85926460860702	15.418054008051778	False	True	weak_binder	8	16_160601772_A_T	PTEN
ACDEGGHI	HLA-C*16:01	260.66835453907504	41.059625714478294	False	True	weak_binder	8	3_142117012_A_C	RB1
ACDEGGHI	HLA-B*07:02	259.7052312293893	43.0634597680709	False	True	weak_binder	8	3_142117012_A_C	RB1
ACDEGGHI	HLA-C*07:01	7167.38788583472	0.39606114074142273	False	False	non_binder	8	3_142117012_A_C	RB1
ACDEFGHI	HLA-A*02:01	977.5299981354077	0.5320058462456781	False	False	non_binder	8	3_142117012_A_C	RB1
ACDEFGHI	HLA-A*03:01	75.34222130886863	28.36060371933915	False	True	weak_binder	8	3_142117012_A_C	RB1
ACDEVGHI	HLA-A*02:01	9376.528099250032	1.5102527202824103	False	False	non_binder	8	7_161134899_A_C	APC
ACDEFVHI	HLA-B*08:01	203.54003912865372	15.446263120819248	False	True	weak_binder	8	7_161134899_A_C	APC
ACDEFVHI	HLA-B*08:01	5826.256266971659	0.7201829803203271	False	False	non_binder	8	7_161134899_A_C	APC
ACDEHGHI	HLA-C*07:02	2111.593762315515	1.9891863340905962	False	False	non_binder	8	10_22118185_G_C	MYC
ACDEHGHI	HLA-B*44:02	196.94250884636259	43.82574384973937	False	True	weak_binder	8	10_22118185_G_C	MYC
ACDEFHHI	HLA-C*07:02	234.16038891556215	15.033979703206134	False	True	weak_binder	8	10_22118185_G_C	MYC
ACDEGGHI	HLA-A*03:01	6620.703342070417	1.111517382804018	False	False	non_binder	8	20_91019966_C_G	KRAS
ACDEGGHI	HLA-C*07:02	475.6122588532508	15.46658288626262	False	True	weak_binder	8	20_91019966_C_G	KRAS
ACDEFGHI	HLA-B*44:02	209.45346964035434	1.193077273905969	False	True	weak_binder	8	20_91019966_C_G	KRAS
ACDEFGHI	HLA-B*07:02	2783.4175440182325	0.24680032590742693	False	False	non_binder	8	20_91019966_C_G	KRAS
ACDEFYHI	HLA-C*07:01	486.05093157933646	14.019420255963032	False	True	weak_binder	8	11_53311546_T_A	EGFR
ACDEFYHI	HLA-C*07:02	4187.0729204186155	1.5971754579751232	False	False	non_binder	8	11_53311546_T_A	EGFR
ACDEFYHI	HLA-C*16:01	389.60884398085744	25.6397765958012	False	True	weak_binder	8	11_53311546_T_A	EGFR
ACDEDGHI	HLA-B*08:01	499.7457635468018	12.688098608306344	False	True	weak_binder	8	4_170024473_C_A	APC
ACDERGHI	HLA-A*03:01	1469.2817929855412	1.8151837207672223	False	False	non_binder	8	18_21500404_C_A	EGFR
ACDERGHI	HLA-B*07:02	411.13724710319184	26.08018227828579	False	True	weak_binder	8	18_21500404_C_A	EGFR
ACDEFRHI	HLA-C*16:01	421.73827989697185	31.166017028906982	False	True	weak_binder	8	18_21500404_C_A	EGFR
ACDEAGHI	HLA-B*07:02	151.75646362340458	38.68589384734027	False	True	weak_binder	8	X_139659308_G_A	EGFR
ACDEAGHI	HLA-B*08:01	7601.830906878715	1.2009244647821056	False	False	non_binder	8	X_139659308_G_A	EGFR
ACDEFAHI	HLA-B*08:01	184.34835311777718	48.03085607060084	False	True	weak_binder	8	X_139659308_G_A	EGFR
ACDEFWHI	HLA-A*02:01	242.88825844353173	4.4747370128269734	False	True	weak_binder	8	16_197235024_T_A	MYC
ACDEFWHI	HLA-A*02:01	232.62622511002417	14.664429119938879	False	True	weak_binder	8	16_197235024_T_A	MYC
ACDEFDHI	HLA-C*16:01	34.518186262477364	25.583001849424797	True	False	strong_binder	8	5_85160803_A_G	EGFR
ACDEFDHI	HLA-C*07:01	210.674549264095	40.96440654254351	False	True	weak_binder	8	5_85160803_A_G	EGFR
ACDEVGHI	HLA-C*16:01	144.61111678062343	28.309610750276885	False	True	weak_binder	8	17_67067809_A_C	PIK3CA
ACDEVGHI	HLA-A*01:01	6551.900809495631	1.242804632805487	False	False	non_binder	8	17_67067809_A_C	PIK3CA
ACDEVGHI	HLA-C*16:01	434.64679424669447	35.0907544312161	False	True	weak_binder	8	17_67067809_A_C	PIK3CA
ACDEFVHI	HLA-C*07:01	2836.817562270171	0.4503781438992335	False	False	non_binder	8	17_67067809_A_C	PIK3CA
ACDEFVHI	HLA-B*44:02	5776.238201345439	0.4695289522004795	False	False	non_binder	8	17_67067809_A_C	PIK3CA
ACDEHGHI	HLA-C*07:01	320.0880790006311	41.43768729569476	False	True	weak_binder	8	5_165909287_C_G	KRAS
ACDETGHI	HLA-B*44:02	104.1911710329862	1.8469325796647318	False	True	weak_binder	8	19_182851951_G_A	KRAS
ACDEFTHI	HLA-A*03:01	2948.5815212685034	0.5290244821472131	False	False	non_binder	8	19_182851951_G_A	KRAS
ACDEFTHI	HLA-A*02:01	168.30790204688083	10.2360575631529	False	True	weak_binder	8	19_182851951_G_A	KRAS
ACDEFTHI	HLA-A*03:01	4173.993384252713	0.18166930220453978	False	False	non_binder	8	19_182851951_G_A	KRAS
ACDEFTHI	HLA-C*07:01	3456.087684524694	1.3045908715467516	False	False	non_binder	8	19_182851951_G_A	KRAS
ACDEFHHI	HLA-B*08:01	316.1908838565789	49.16139116176848	False	True	weak_binder	8	20_55390665_G_T	MYC
ACDEFHHI	HLA-B*44:02	8997.766191999232	0.6009346291953065	False	False	non_binder	8	20_55390665_G_T	MYC
ACDEFHHI	HLA-C*16:01	496.20202391072405	35.74898625281552	False	True	weak_binder	8	20_55390665_G_T	MYC
ACDEEGHI	HLA-B*08:01	3797.659236403083	1.0226430501933907	False	False	non_binder	8	15_89829763_T_G	RB1
ACDEFEHI	HLA-A*01:01	6687.64701855187	0.12818193563181907	False	False	non_binder	8	15_89829763_T_G	RB1
ACDEFEHI	HLA-A*03:01	5813.370998131012	0.3298332870148137	False	False	non_binder	8	15_89829763_T_G	RB1
ACDEFEHI	HLA-B*07:02	7374.988966555906	0.8994626299668539	False	False	non_binder	8	15_89829763_T_G	RB1
ACDESGHI	HLA-B*07:02	170.83812044530944	13.013779564521592	False	True	weak_binder	8	14_82481480_G_T	EGFR
ACDESGHI	HLA-C*07:01	7866.907196704779	0.4363861181413766	False	False	non_binder	8	14_82481480_G_T	EGFR
ACDEFSHI	HLA-B*07:02	468.5954554253559	10.598865122006575	False	True	weak_binder	8	14_82481480_G_T	EGFR
ACDEFSHI	HLA-C*07:02	270.6289187175798	14.128598123644373	False	True	weak_binder	8	14_82481480_G_T	EGFR
ACDEMGHI	HLA-A*02:01	473.43423231737216	6.428845440547512	False	True	weak_binder	8	12_92389316_T_G	KRAS
ACDEMGHI	HLA-C*07:02	183.45996369025318	5.620148374415591	False	True	weak_binder	8	12_92389316_T_G	KRAS
ACDEFMHI	HLA-B*08:01	496.63431953292405	35.54355514671005	False	True	weak_binder	8	12_92389316_T_G	KRAS
ACDEFMHI	HLA-B*44:02	127.02331235843184	1.3735932701483997	False	True	weak_binder	8	12_92389316_T_G	KRAS
ACDEFMHI	HLA-C*07:01	4370.423143892832	1.3726535803342086	False	False	non_binder	8	12_92389316_T_G	KRAS
ACDEFMHI	HLA-C*07:02	5615.4603999506835	0.45558622409642346	False	False	non_binder	8	12_92389316_T_G	KRAS
ACDELGHI	HLA-B*08:01	190.16017390933027	46.412823732370846	False	True	weak_binder	8	3_175063625_A_C	BRAF
ACDELGHI	HLA-C*07:02	400.5374863409409	18.324208513474826	False	True	weak_binder	8	3_175063625_A_C	BRAF
ACDEFLHI	HLA-C*07:02	326.9070675312378	26.53892643175218	False	True	weak_binder	8	3_175063625_A_C	BRAF
ACDEIGHI	HLA-B*07:02	138.86619576576672	0.3350140713872943	False	True	weak_binder	8	19_33703572_C_G	EGFR
ACDEIGHI	HLA-B*08:01	273.00235198548495	10.42817081551122	False	True	weak_binder	8	19_33703572_C_G	EGFR
ACDEIGHI	HLA-C*07:02	47.98766031721096	4.353711737367881	True	False	strong_binder	8	19_33703572_C_G	EGFR
ACDEIGHI	HLA-C*07:01	5512.591576518308	1.2166432039497894	False	False	non_binder	8	19_33703572_C_G	EGFR
ACDEFIHI	HLA-A*01:01	5997.624167467284	1.6828266938549918	False	False	non_binder	8	19_33703572_C_G	EGFR
ACDEFIHI	HLA-C*07:02	3677.2872290393475	0.13138314024520348	False	False	non_binder	8	19_33703572_C_G	EGFR
ACDETGHI	HLA-A*03:01	72.32234901447903	33.393133595700064	False	True	weak_binder	8	19_45269921_T_A	BRCA1
ACDETGHI	HLA-B*07:02	451.84815339725736	47.954432114742424	False	True	weak_binder	8	19_45269921_T_A	BRCA1
ACDETGHI	HLA-C*16:01	18.04692384321054	41.679054971145824	True	False	strong_binder	8	19_45269921_T_A	BRCA1
ACDETGHI	HLA-C*07:02	3497.664945199411	1.1804913193217852	False	False	non_binder	8	19_45269921_T_A	BRCA1
ACDEFTHI	HLA-A*03:01	203.06899214456374	23.746412627572802	False	True	weak_binder	8	19_45269921_T_A	BRCA1
ACDEPGHI	HLA-A*02:01	6453.950896959629	0.7891111819282539	False	False	non_binder	8	19_134631578_G_C	APC
ACDEPGHI	HLA-C*07:01	7205.875484284556	1.729037377470526	False	False	non_binder	8	19_134631578_G_C	APC
ACDEFPHI	HLA-B*08:01	92.41361304097536	27.4738585926515	False	True	weak_binder	8	19_134631578_G_C	APC
ACDEVGHI	HLA-B*07:02	110.74853378269896	42.33546186477114	False	True	weak_binder	8	13_25493860_T_C	KRAS
ACDEFVHI	HLA-A*01:01	9349.593331263346	1.4639850078762484	False	False	non_binder	8	13_25493860_T_C	KRAS
ACDEFVHI	HLA-A*03:01	233.82659562220755	35.65598574952005	False	True	weak_binder	8	13_25493860_T_C	KRAS
ACDEFVHI	HLA-A*03:01	185.86479132055297	18.876763947856976	False	True	weak_binder	8	13_25493860_T_C	KRAS
ACDEFVHI	HLA-C*07:01	371.9645632466829	9.472521641709594	False	True	weak_binder	8	13_25493860_T_C	KRAS
ACDEKGHI	HLA-A*02:01	18.501231425887767	23.9882828711062	True	False	strong_binder	8	4_172637118_A_G	RB1
ACDEKGHI	HLA-B*08:01	1907.5733195573214	1.8398683979398958	False	False	non_binder	8	4_172637118_A_G	RB1
ACDEFKHI	HLA-B*08:01	1907.725200262442	1.6587270034830564	False	False	non_binder	8	4_172637118_A_G	RB1
